id;libelle;code;description
1;Lilangeni data-warehouse;Rustic AI revolutionary;well-modulated
2;Soft wireless;programming Berkshire;secondary
3;violet functionalities;web-enabled;Pizza Baby
4;bluetooth;neural invoice;monitor conglomeration
5;indexing redundant Towels;overriding;Rubber
6;action-items;Gorgeous Frozen Chair Direct;Towels
7;digital Roads dynamic;neural back up Bedfordshire;European Monetary Unit (E.M.U.-6) Generic Soft Computer Norwegian Krone
8;exuding;primary reboot;web-readiness e-services Refined
9;wireless;backing up benchmark;robust Architect
10;Health Run;Ergonomic Steel Chair invoice;Bedfordshire orange Dong
